return_id,order_id,return_reason,refund_amount,return_date
1,8197,Poor Quality,987,2026-02-10
2,3175,No Longer Needed,1175,2024-07-25
3,5641,Wrong Item,6820,2025-05-11
4,8217,No Longer Needed,6073,2025-05-10
5,3898,Late Delivery,7969,2026-04-17
6,2728,No Longer Needed,5600,2025-07-04
7,5088,Damaged,4836,2025-10-19
8,4236,Not as Described,9299,2025-10-01
9,8653,Late Delivery,1875,2026-02-19
10,1178,Poor Quality,292,2024-12-08
11,5673,No Longer Needed,967,2025-10-21
12,7021,Late Delivery,4001,2026-02-26
13,599,Damaged,8262,2026-05-18
14,5556,Wrong Item,7364,2026-05-02
15,6764,Wrong Item,7503,2026-04-04
16,9648,Late Delivery,7471,2024-11-10
17,7523,Not as Described,5386,2026-02-05
18,7498,Damaged,9149,2026-05-15
19,3013,Wrong Item,2682,2024-12-17
20,5042,Damaged,6896,2025-09-17
21,587,No Longer Needed,233,2026-03-26
22,7963,Poor Quality,4346,2026-01-10
23,3998,Wrong Item,7316,2025-05-26
24,4098,Not as Described,6105,2024-11-03
25,7875,Damaged,7504,2025-10-08
26,1402,Poor Quality,4168,2025-01-22
27,3747,No Longer Needed,1610,2025-02-21
28,2823,Damaged,6918,2025-06-15
29,1747,Not as Described,8365,2025-11-15
30,9758,No Longer Needed,6043,2026-01-14
31,5210,Late Delivery,6233,2024-12-12
32,2767,Wrong Item,7170,2024-07-08
33,8803,Not as Described,7098,2026-05-05
34,3013,No Longer Needed,7618,2026-03-16
35,7836,Damaged,2840,2025-08-30
36,245,Late Delivery,2727,2024-06-08
37,7912,Damaged,1450,2025-05-26
38,4882,Damaged,378,2025-11-28
39,904,Not as Described,4724,2025-12-07
40,4898,No Longer Needed,459,2024-11-19
41,4594,Not as Described,400,2025-02-05
42,6284,Damaged,2360,2024-09-20
43,1074,Damaged,3086,2026-01-25
44,5984,Wrong Item,9228,2026-02-09
45,8829,No Longer Needed,3833,2025-09-20
46,7115,Damaged,213,2024-06-13
47,8405,Poor Quality,2736,2026-02-05
48,309,No Longer Needed,1026,2025-07-03
49,4684,Poor Quality,454,2024-08-14
50,7018,Not as Described,271,2025-06-24
51,9012,Damaged,9563,2025-11-14
52,3525,Wrong Item,6400,2024-07-09
53,3752,Damaged,7248,2024-08-21
54,9649,Not as Described,3567,2025-06-09
55,7689,Damaged,6063,2025-07-26
56,5384,No Longer Needed,6010,2025-09-06
57,9044,Late Delivery,8414,2026-05-08
58,8695,Damaged,3901,2024-09-19
59,5164,No Longer Needed,6952,2024-09-10
60,580,Wrong Item,506,2024-07-20
61,5207,Damaged,9351,2025-10-13
62,3447,No Longer Needed,727,2025-05-29
63,8578,Damaged,312,2025-03-01
64,3414,Wrong Item,5973,2024-10-08
65,6765,Wrong Item,7748,2025-08-04
66,8420,Not as Described,1016,2026-05-06
67,4258,Poor Quality,9927,2026-01-20
68,8311,Wrong Item,1451,2025-01-21
69,2126,Late Delivery,2508,2026-03-02
70,9738,Wrong Item,116,2025-09-12
71,4926,Poor Quality,5289,2025-12-31
72,3346,Not as Described,8565,2024-06-23
73,5346,No Longer Needed,5643,2025-01-23
74,5507,Damaged,8067,2025-03-15
75,4001,Late Delivery,8974,2024-05-27
76,3012,Damaged,7873,2025-07-15
77,2940,Not as Described,2659,2025-02-23
78,170,Poor Quality,2765,2026-03-03
79,8858,Wrong Item,7819,2025-08-14
80,7424,No Longer Needed,3055,2024-11-15
81,5912,Late Delivery,2535,2025-10-06
82,1377,Damaged,3377,2025-04-01
83,6316,Wrong Item,2721,2025-01-05
84,714,Wrong Item,5802,2024-11-14
85,6071,Poor Quality,425,2025-05-17
86,2864,Poor Quality,8157,2025-03-11
87,5677,Late Delivery,7220,2025-05-24
88,8988,Wrong Item,6061,2025-06-14
89,6500,No Longer Needed,1111,2026-03-09
90,986,Damaged,9055,2025-06-14
91,9281,Damaged,5113,2026-03-22
92,8983,Not as Described,7671,2024-12-19
93,5244,Not as Described,1181,2024-08-08
94,7249,Poor Quality,6463,2024-10-02
95,6369,Not as Described,5412,2026-02-15
96,7938,Not as Described,9889,2026-01-08
97,9715,Late Delivery,3886,2025-01-25
98,5059,No Longer Needed,2448,2024-10-03
99,501,Late Delivery,3330,2025-06-30
100,5005,Not as Described,5782,2025-04-04
101,3253,Poor Quality,3322,2025-01-08
102,3080,No Longer Needed,8829,2024-06-23
103,8379,Wrong Item,7042,2024-05-21
104,2211,No Longer Needed,5272,2026-03-11
105,6844,Damaged,565,2025-08-06
106,4914,Wrong Item,6640,2025-06-24
107,56,Wrong Item,8412,2024-12-11
108,9866,Damaged,171,2026-01-08
109,1322,Poor Quality,1536,2025-01-12
110,7262,Not as Described,6782,2025-03-12
111,4266,Not as Described,3991,2025-01-25
112,853,Wrong Item,1510,2026-02-25
113,9639,Late Delivery,1340,2024-07-04
114,4012,Not as Described,1638,2024-09-05
115,1264,Late Delivery,5970,2024-11-24
116,2727,Poor Quality,3069,2026-04-26
117,7171,Not as Described,6409,2024-11-18
118,5407,Wrong Item,8067,2025-06-05
119,1658,Poor Quality,4702,2024-07-17
120,9020,Not as Described,7312,2026-02-11
121,8924,No Longer Needed,5997,2024-12-22
122,9718,Wrong Item,1654,2026-02-28
123,5063,Not as Described,5647,2025-07-19
124,6146,Damaged,4040,2024-09-07
125,7424,No Longer Needed,3265,2024-09-24
126,4111,Damaged,9606,2024-08-16
127,5473,No Longer Needed,1895,2024-06-01
128,5813,Late Delivery,7000,2026-01-22
129,8832,Not as Described,1428,2024-12-28
130,7147,Late Delivery,260,2026-02-14
131,4814,Poor Quality,4570,2025-09-05
132,6948,No Longer Needed,7047,2025-06-03
133,5424,Damaged,7113,2025-10-25
134,9905,Late Delivery,9010,2024-12-26
135,2844,Late Delivery,1342,2026-04-24
136,488,Damaged,5607,2024-11-27
137,9092,No Longer Needed,1758,2024-06-03
138,1598,Wrong Item,5838,2024-07-21
139,8390,Damaged,7350,2026-04-02
140,7721,Poor Quality,9788,2026-01-21
141,2984,Poor Quality,4740,2025-06-23
142,86,No Longer Needed,8218,2026-03-22
143,4797,Not as Described,2667,2025-03-07
144,3945,Not as Described,8238,2026-01-26
145,4510,Poor Quality,7694,2025-04-16
146,7749,Not as Described,9013,2026-04-21
147,2267,Not as Described,6918,2025-05-24
148,7097,Late Delivery,3461,2026-03-02
149,3231,Wrong Item,7771,2024-08-11
150,6268,Damaged,9717,2025-11-24
151,5784,Damaged,8782,2025-07-28
152,807,Late Delivery,6766,2026-01-23
153,7026,Damaged,7119,2024-06-11
154,9567,Poor Quality,8036,2024-11-15
155,6678,No Longer Needed,2432,2024-08-16
156,6988,No Longer Needed,9180,2025-07-07
157,3034,Late Delivery,2827,2025-01-30
158,9406,Wrong Item,9174,2025-10-18
159,8174,Damaged,5501,2026-03-30
160,3746,No Longer Needed,4316,2025-04-26
161,9734,Late Delivery,6757,2024-08-05
162,8202,Poor Quality,2706,2025-07-09
163,7400,No Longer Needed,1729,2025-02-16
164,7738,Damaged,7484,2025-12-31
165,828,Damaged,153,2026-02-09
166,3493,Late Delivery,9481,2024-05-24
167,2171,Damaged,8237,2025-08-25
168,5463,Wrong Item,4042,2025-10-12
169,6531,Damaged,4588,2025-06-17
170,8945,Late Delivery,3580,2025-06-16
171,4703,Wrong Item,3461,2024-08-18
172,2963,Damaged,6788,2026-05-07
173,6145,Not as Described,4077,2025-11-23
174,2905,Damaged,9979,2025-04-26
175,254,No Longer Needed,7428,2024-11-12
176,9586,Poor Quality,6107,2026-05-05
177,3440,Poor Quality,335,2025-01-14
178,7010,Wrong Item,3352,2024-12-25
179,82,Poor Quality,1267,2024-12-12
180,8961,Damaged,7074,2024-11-14
181,3233,Poor Quality,4478,2025-07-02
182,8649,No Longer Needed,3109,2025-09-28
183,5173,Wrong Item,8108,2025-06-09
184,8971,Not as Described,5024,2024-08-07
185,1240,No Longer Needed,8772,2025-09-16
186,2594,Wrong Item,7527,2025-11-18
187,8907,Wrong Item,4462,2024-05-20
188,8777,Not as Described,8044,2025-06-10
189,1746,Wrong Item,7456,2024-07-12
190,7339,Late Delivery,9949,2025-03-20
191,727,No Longer Needed,9262,2026-03-12
192,7219,Poor Quality,4413,2024-07-17
193,1148,Wrong Item,3227,2024-11-11
194,2101,Poor Quality,5860,2026-01-18
195,2629,Poor Quality,2740,2026-05-05
196,2229,Wrong Item,2892,2024-08-13
197,7746,Not as Described,5678,2025-11-04
198,4216,Not as Described,8613,2025-08-09
199,9546,Late Delivery,9836,2026-03-29
200,3789,Late Delivery,5400,2026-02-11
201,2723,No Longer Needed,891,2025-09-27
202,8139,No Longer Needed,1216,2025-12-04
203,4548,Poor Quality,2104,2025-09-03
204,7121,Not as Described,1832,2024-11-25
205,5452,Late Delivery,6732,2025-10-02
206,9276,Damaged,5588,2025-11-14
207,7705,No Longer Needed,6191,2025-05-28
208,7644,Late Delivery,2503,2024-12-18
209,7535,Wrong Item,3696,2024-11-20
210,1189,Not as Described,6968,2025-11-19
211,9114,Late Delivery,3909,2025-08-28
212,3189,Wrong Item,6534,2024-08-31
213,7757,No Longer Needed,9183,2025-12-12
214,9610,No Longer Needed,7486,2025-03-16
215,5294,Poor Quality,9952,2024-09-30
216,4467,Damaged,1689,2025-07-31
217,4131,Late Delivery,7330,2025-01-16
218,4358,Not as Described,1461,2026-03-19
219,2015,Wrong Item,4697,2026-03-01
220,8633,Damaged,6199,2026-02-09
221,9952,No Longer Needed,9442,2025-03-11
222,596,Late Delivery,356,2026-01-28
223,9273,Late Delivery,2178,2024-06-29
224,4555,No Longer Needed,1774,2025-10-12
225,4628,No Longer Needed,3980,2025-02-02
226,7820,Not as Described,6302,2025-04-02
227,6118,Poor Quality,8416,2024-11-06
228,9882,Late Delivery,1125,2024-11-10
229,7458,Not as Described,1242,2025-08-21
230,7407,Poor Quality,2435,2024-07-06
231,1171,Poor Quality,3661,2026-01-06
232,6553,Poor Quality,6080,2026-04-23
233,6628,Late Delivery,1534,2025-04-22
234,459,Poor Quality,3474,2025-07-18
235,1200,Poor Quality,533,2025-04-27
236,4478,Wrong Item,7950,2025-09-17
237,4629,Wrong Item,1013,2024-08-30
238,7765,Poor Quality,2785,2025-03-28
239,5244,Wrong Item,1441,2026-02-25
240,8808,Poor Quality,2347,2025-06-02
241,3682,Poor Quality,1365,2025-06-05
242,9121,Poor Quality,8726,2025-04-30
243,2395,No Longer Needed,9120,2025-07-14
244,2837,Poor Quality,8456,2025-05-02
245,8478,Not as Described,8840,2025-06-17
246,9873,Damaged,2204,2025-07-14
247,7673,Damaged,403,2025-10-25
248,620,Damaged,3241,2024-10-31
249,4249,Wrong Item,248,2025-04-04
250,5315,Damaged,788,2026-04-21
251,3756,Late Delivery,6952,2026-02-24
252,8353,Late Delivery,5748,2024-07-22
253,9446,No Longer Needed,263,2025-02-08
254,6494,Poor Quality,1465,2025-08-16
255,5599,Not as Described,2802,2026-02-08
256,6256,Not as Described,6394,2024-08-10
257,4035,Late Delivery,124,2025-06-21
258,4399,No Longer Needed,8784,2024-10-05
259,4302,Damaged,6787,2026-02-28
260,7944,Poor Quality,4262,2026-04-01
261,6584,Poor Quality,7717,2024-08-16
262,5733,Late Delivery,6870,2025-10-22
263,8725,Not as Described,1868,2024-05-31
264,1525,Not as Described,6346,2026-03-28
265,7323,Poor Quality,7539,2025-06-23
266,5194,Late Delivery,2473,2024-09-26
267,9585,Damaged,8616,2025-12-18
268,5637,Damaged,5175,2025-12-31
269,5083,Late Delivery,551,2025-04-22
270,7183,Poor Quality,7852,2025-06-14
271,979,Not as Described,7860,2025-02-15
272,3776,Damaged,1049,2025-04-29
273,6882,Not as Described,7170,2024-08-18
274,7379,Wrong Item,2755,2024-10-19
275,82,Damaged,8777,2024-10-18
276,9272,Poor Quality,9586,2026-01-07
277,1977,Poor Quality,553,2024-09-30
278,1824,Late Delivery,487,2024-06-03
279,4980,Damaged,9744,2024-06-28
280,4025,Not as Described,3111,2025-11-10
281,6123,Damaged,8345,2024-06-12
282,5862,Wrong Item,9993,2024-06-11
283,2434,Poor Quality,6812,2025-03-03
284,5466,Late Delivery,918,2025-02-03
285,1728,No Longer Needed,8065,2025-09-16
286,7560,Poor Quality,3260,2024-09-22
287,5092,Wrong Item,8389,2025-08-15
288,1578,Late Delivery,6083,2024-07-06
289,1498,Damaged,1495,2025-12-31
290,8794,Late Delivery,3654,2025-10-24
291,5985,Wrong Item,7173,2025-12-26
292,2208,Wrong Item,6642,2026-01-20
293,8223,Wrong Item,5747,2025-12-04
294,8164,Poor Quality,3654,2025-06-22
295,6301,Damaged,8732,2025-05-11
296,4644,Damaged,2158,2025-01-28
297,258,Not as Described,2283,2025-09-17
298,2558,Wrong Item,2426,2026-02-28
299,4282,Not as Described,8959,2025-04-06
300,9105,No Longer Needed,4012,2025-12-27
301,7333,Damaged,7638,2025-07-17
302,8405,Poor Quality,9491,2025-08-25
303,1569,Late Delivery,4101,2025-04-20
304,5189,Late Delivery,6986,2025-04-10
305,819,No Longer Needed,6584,2025-05-19
306,5824,Not as Described,9167,2024-06-10
307,9429,Late Delivery,217,2025-06-01
308,8854,No Longer Needed,451,2025-11-24
309,9515,Wrong Item,9916,2024-12-27
310,7923,No Longer Needed,9089,2025-06-29
311,1438,Poor Quality,4601,2025-11-17
312,9889,No Longer Needed,8282,2025-02-03
313,6709,Wrong Item,8749,2024-05-26
314,4659,Poor Quality,1849,2025-11-10
315,8111,Not as Described,802,2025-09-01
316,4889,No Longer Needed,6130,2025-08-07
317,1287,Wrong Item,1570,2025-02-05
318,4783,Damaged,5507,2026-05-18
319,2089,Not as Described,2993,2025-08-04
320,5297,Not as Described,2534,2025-06-30
321,7791,Poor Quality,6497,2024-10-29
322,6344,No Longer Needed,6977,2024-07-27
323,4707,Wrong Item,7995,2025-05-06
324,2741,Damaged,2146,2025-03-07
325,8989,Poor Quality,379,2025-07-19
326,8760,Late Delivery,7593,2026-03-05
327,1741,Not as Described,5663,2024-11-10
328,4460,Not as Described,856,2024-08-07
329,2326,Not as Described,8119,2024-06-04
330,7250,Not as Described,3609,2025-09-17
331,6033,Not as Described,2428,2025-07-22
332,3055,Damaged,8300,2024-08-23
333,1864,Wrong Item,7852,2024-12-10
334,2392,No Longer Needed,4282,2026-02-02
335,6154,Wrong Item,8138,2024-08-12
336,1974,Poor Quality,915,2024-12-05
337,8608,Wrong Item,8728,2026-01-20
338,8593,Poor Quality,8091,2025-12-17
339,2693,Wrong Item,7896,2025-10-29
340,3746,Wrong Item,925,2025-09-02
341,414,Poor Quality,1518,2025-11-16
342,9832,No Longer Needed,1971,2026-05-08
343,1567,Damaged,5478,2025-07-09
344,4586,Late Delivery,1942,2024-11-18
345,2158,Late Delivery,6290,2026-03-02
346,2530,Not as Described,1361,2026-02-23
347,462,Late Delivery,8232,2024-12-25
348,1940,Poor Quality,604,2024-12-24
349,7504,Not as Described,4421,2026-01-03
350,4002,Late Delivery,8041,2026-05-18
351,3087,Poor Quality,7083,2025-02-17
352,2295,Wrong Item,2523,2024-07-08
353,9794,Not as Described,3462,2025-08-19
354,2630,Poor Quality,9995,2025-10-29
355,9501,Poor Quality,4382,2025-08-21
356,8221,No Longer Needed,4068,2025-08-27
357,4189,Damaged,4464,2024-09-14
358,9974,No Longer Needed,5475,2025-07-04
359,1765,Poor Quality,4835,2024-09-27
360,8570,Late Delivery,1512,2025-10-15
361,3982,Late Delivery,858,2026-03-05
362,744,Not as Described,2440,2024-05-27
363,109,Poor Quality,1736,2024-10-31
364,8133,Not as Described,6347,2024-08-09
365,3783,Damaged,1728,2026-03-05
366,5933,Poor Quality,805,2025-11-19
367,2360,Late Delivery,3881,2026-05-13
368,4319,Not as Described,6179,2026-05-06
369,553,Damaged,614,2025-01-20
370,227,No Longer Needed,7611,2026-04-06
371,5679,Late Delivery,9835,2024-09-13
372,1917,Poor Quality,5980,2026-04-23
373,3828,Damaged,6442,2025-09-21
374,1653,Late Delivery,5072,2026-02-06
375,895,Wrong Item,1359,2024-12-19
376,3516,Damaged,6869,2024-08-18
377,4744,Damaged,8771,2025-09-08
378,404,Not as Described,8628,2026-05-03
379,7757,Poor Quality,8941,2025-05-28
380,7608,Poor Quality,1927,2025-01-10
381,8595,Damaged,8077,2025-08-14
382,819,Late Delivery,6971,2024-08-20
383,9839,Wrong Item,5810,2025-02-24
384,3221,Poor Quality,5432,2024-08-08
385,1274,Wrong Item,4409,2024-05-31
386,230,No Longer Needed,153,2025-03-19
387,8830,Damaged,6824,2025-10-03
388,1923,Wrong Item,2513,2025-11-21
389,5481,Late Delivery,1243,2025-09-22
390,1467,Poor Quality,3737,2025-10-12
391,9075,Not as Described,3471,2024-10-14
392,9593,Poor Quality,9791,2026-02-05
393,8074,Damaged,456,2025-08-11
394,6644,Poor Quality,4012,2025-01-11
395,3748,Damaged,9020,2025-10-17
396,84,Not as Described,3744,2026-01-01
397,8350,Wrong Item,8678,2026-01-13
398,5947,Not as Described,5409,2026-03-09
399,4994,No Longer Needed,7287,2025-03-11
400,1789,No Longer Needed,7827,2024-12-05
401,1923,Damaged,5709,2024-12-09
402,2203,No Longer Needed,669,2026-04-21
403,8070,Wrong Item,3434,2024-10-27
404,3637,Damaged,6504,2024-07-15
405,5330,No Longer Needed,5847,2025-01-28
406,4858,Wrong Item,6229,2025-11-14
407,9833,Poor Quality,346,2025-05-28
408,1393,Late Delivery,1154,2025-05-08
409,365,Wrong Item,8379,2025-08-18
410,7734,Not as Described,5712,2024-10-29
411,7175,Poor Quality,151,2025-09-22
412,9304,Damaged,4918,2026-03-29
413,3595,Damaged,6069,2024-07-19
414,5378,Not as Described,4881,2025-05-13
415,2041,Wrong Item,4518,2024-10-24
416,2212,Not as Described,267,2025-12-06
417,3250,Wrong Item,926,2025-11-17
418,1599,Late Delivery,2662,2025-03-24
419,9571,Late Delivery,3178,2024-06-06
420,1433,Poor Quality,1837,2025-03-25
421,4080,Wrong Item,106,2025-01-31
422,8790,Damaged,2190,2026-02-06
423,1729,Wrong Item,6040,2025-05-30
424,3347,Wrong Item,2417,2025-11-16
425,2279,Late Delivery,1492,2024-06-12
426,9547,No Longer Needed,8690,2024-10-20
427,2321,Not as Described,5257,2026-03-23
428,4496,Wrong Item,6593,2024-12-08
429,5510,Poor Quality,2836,2025-09-17
430,9524,Not as Described,8980,2025-02-05
431,2643,Late Delivery,5605,2024-09-13
432,7805,Damaged,9946,2024-11-13
433,8998,Poor Quality,1018,2026-05-15
434,9649,Damaged,193,2024-12-04
435,5425,Not as Described,5079,2025-10-02
436,6202,Damaged,9925,2026-02-03
437,6988,Poor Quality,6695,2025-12-03
438,3086,No Longer Needed,8471,2025-04-23
439,1433,Wrong Item,8002,2025-01-13
440,2857,Late Delivery,9518,2025-09-05
441,6728,Wrong Item,416,2025-12-24
442,1900,Not as Described,9578,2025-10-06
443,1904,Not as Described,5845,2025-10-20
444,5801,No Longer Needed,3071,2025-05-31
445,4573,No Longer Needed,3726,2025-06-13
446,3452,Wrong Item,3132,2024-08-12
447,5363,No Longer Needed,7273,2025-10-01
448,9380,Not as Described,8258,2026-02-15
449,3645,Damaged,7364,2025-04-18
450,6514,Wrong Item,5648,2025-05-27
451,2525,Not as Described,5693,2024-11-27
452,2009,Wrong Item,6162,2024-08-31
453,4930,Damaged,2116,2024-10-20
454,7109,Poor Quality,5924,2026-04-07
455,1565,Not as Described,6847,2024-10-22
456,6734,Poor Quality,1146,2026-04-16
457,3636,Poor Quality,4390,2025-03-31
458,1611,Wrong Item,6859,2026-05-08
459,2142,Poor Quality,7086,2025-05-07
460,5738,No Longer Needed,9825,2025-07-09
461,852,No Longer Needed,964,2024-10-22
462,8951,Late Delivery,6324,2025-01-20
463,3853,Not as Described,5982,2024-12-06
464,96,Not as Described,8952,2024-12-29
465,7607,Not as Described,3548,2024-08-23
466,7412,Late Delivery,1160,2024-07-20
467,818,Damaged,9275,2026-01-10
468,1459,Not as Described,5042,2024-05-31
469,5961,Not as Described,2395,2024-12-19
470,9583,Poor Quality,4376,2025-03-18
471,1160,Wrong Item,4947,2026-02-24
472,20,Wrong Item,1159,2026-04-05
473,2163,No Longer Needed,5790,2026-04-15
474,6481,Wrong Item,2876,2025-01-14
475,7560,No Longer Needed,4752,2024-12-25
476,9011,Wrong Item,2064,2025-10-11
477,6695,No Longer Needed,8041,2025-06-23
478,5703,No Longer Needed,9568,2025-11-12
479,1360,Not as Described,7991,2026-05-03
480,9726,No Longer Needed,1511,2025-11-09
481,4941,No Longer Needed,1178,2024-07-01
482,4440,Poor Quality,8534,2024-10-26
483,6886,Late Delivery,4669,2026-05-03
484,1481,Wrong Item,6582,2026-05-05
485,8393,Poor Quality,5731,2026-03-09
486,7641,Not as Described,2260,2026-03-02
487,1721,No Longer Needed,2826,2026-02-03
488,3979,Poor Quality,8326,2026-04-07
489,3349,Wrong Item,8202,2026-02-21
490,4185,Damaged,235,2024-05-20
491,4891,Poor Quality,3299,2024-12-16
492,493,Late Delivery,206,2025-01-16
493,8681,Wrong Item,4767,2024-09-30
494,7729,Wrong Item,6686,2025-11-26
495,5931,No Longer Needed,171,2024-06-24
496,8546,Poor Quality,5179,2025-08-20
497,5685,Not as Described,7801,2025-04-15
498,5708,No Longer Needed,7501,2025-03-16
499,9216,Not as Described,8252,2024-11-29
500,3967,No Longer Needed,1244,2026-04-18
501,3111,Damaged,3591,2024-11-16
502,445,Wrong Item,6892,2025-10-14
503,9283,Late Delivery,717,2024-10-17
504,7005,Poor Quality,6696,2025-05-10
505,1932,Not as Described,5730,2024-07-26
506,4206,No Longer Needed,7841,2025-07-03
507,3038,Late Delivery,1031,2025-04-03
508,3214,Late Delivery,8341,2024-08-26
509,9387,Not as Described,7740,2024-08-19
510,7730,Not as Described,4817,2024-11-18
511,677,Wrong Item,4429,2024-12-11
512,2238,Not as Described,3833,2024-08-03
513,9645,Poor Quality,3622,2025-06-02
514,198,Wrong Item,6433,2024-05-20
515,4753,No Longer Needed,8863,2024-11-02
516,1407,No Longer Needed,7672,2026-02-14
517,3234,Damaged,9551,2025-07-30
518,4508,Wrong Item,6332,2026-05-05
519,2848,Not as Described,1764,2024-11-07
520,3866,Not as Described,2008,2026-02-27
521,2748,Not as Described,9218,2025-07-23
522,3910,No Longer Needed,761,2025-08-19
523,9228,No Longer Needed,7599,2026-02-09
524,9007,Late Delivery,6988,2024-09-09
525,1675,Not as Described,6745,2026-03-11
526,7174,Late Delivery,5340,2025-05-25
527,3054,No Longer Needed,1245,2024-07-31
528,82,Wrong Item,7929,2025-02-21
529,9849,Late Delivery,9261,2024-10-03
530,3445,Late Delivery,5348,2024-10-19
531,704,Damaged,5894,2025-08-23
532,286,Damaged,964,2025-10-14
533,5847,Damaged,1044,2026-02-18
534,8389,Poor Quality,7380,2024-10-23
535,2641,Damaged,3167,2025-06-10
536,8679,Not as Described,5532,2024-11-29
537,8053,No Longer Needed,5820,2024-09-29
538,4616,Wrong Item,6892,2025-08-29
539,7717,Poor Quality,8254,2026-02-15
540,5317,Not as Described,8149,2024-05-21
541,160,Not as Described,9473,2025-02-06
542,5930,Wrong Item,9229,2026-03-26
543,8924,Late Delivery,9772,2025-06-13
544,4803,Not as Described,9795,2025-10-06
545,6769,Poor Quality,1136,2024-12-03
546,8688,No Longer Needed,5841,2025-06-18
547,4576,Late Delivery,2743,2026-03-01
548,2412,Not as Described,9959,2025-02-13
549,8197,Late Delivery,8644,2025-04-24
550,6465,No Longer Needed,2360,2026-02-12
551,5011,Poor Quality,5040,2024-06-20
552,7131,Late Delivery,799,2024-12-22
553,9595,No Longer Needed,6332,2025-09-02
554,955,Poor Quality,6760,2025-04-19
555,3253,Late Delivery,9418,2026-04-17
556,9008,Wrong Item,4593,2024-07-10
557,5123,Poor Quality,1985,2025-07-05
558,5777,Not as Described,6140,2025-08-07
559,4936,Wrong Item,8003,2025-12-26
560,7474,Not as Described,9447,2024-10-03
561,508,Late Delivery,5911,2025-06-24
562,8767,Poor Quality,5312,2025-02-27
563,9489,Wrong Item,5567,2026-01-23
564,4525,No Longer Needed,9931,2026-03-06
565,485,Poor Quality,2536,2026-03-01
566,3089,Not as Described,9846,2025-10-19
567,8330,Damaged,3235,2024-12-23
568,5284,Damaged,9926,2026-03-25
569,1038,No Longer Needed,8564,2026-01-17
570,2498,Poor Quality,4501,2026-03-11
571,1513,Wrong Item,906,2024-12-23
572,7469,Late Delivery,2950,2026-03-12
573,1390,Late Delivery,8361,2024-06-02
574,1576,No Longer Needed,1769,2026-01-29
575,4241,Not as Described,3283,2025-05-02
576,9557,Not as Described,1927,2024-07-20
577,7308,Damaged,1171,2024-11-21
578,364,Not as Described,6823,2026-04-27
579,7800,Poor Quality,6822,2025-11-29
580,1714,No Longer Needed,7063,2026-02-10
581,6998,No Longer Needed,6953,2026-03-16
582,1663,Not as Described,9897,2025-02-02
583,9963,Poor Quality,3273,2025-12-29
584,1260,Wrong Item,1474,2026-04-22
585,944,Damaged,3990,2024-09-27
586,3949,Not as Described,7182,2025-10-13
587,4765,Poor Quality,9125,2025-07-23
588,2489,Poor Quality,9948,2025-10-27
589,6253,Wrong Item,8678,2026-01-30
590,26,Poor Quality,6855,2024-07-28
591,6654,Poor Quality,6053,2025-08-17
592,1945,Damaged,9440,2024-12-14
593,6771,No Longer Needed,2156,2026-03-12
594,1782,Late Delivery,8431,2025-07-08
595,5140,Poor Quality,139,2026-04-03
596,2972,Wrong Item,5261,2025-10-30
597,7427,Late Delivery,9038,2025-10-28
598,241,Not as Described,302,2025-08-25
599,2469,Not as Described,874,2024-12-12
600,3857,Not as Described,4842,2024-10-08
601,7175,No Longer Needed,7929,2024-10-01
602,6942,Late Delivery,7615,2025-09-11
603,2985,Poor Quality,8278,2025-11-15
604,6539,Wrong Item,7601,2025-09-04
605,6324,Not as Described,9111,2026-04-15
606,9904,Late Delivery,7167,2026-05-12
607,4499,Damaged,9121,2026-03-07
608,8071,Damaged,1200,2024-11-22
609,3703,Poor Quality,6237,2024-09-12
610,5851,Poor Quality,3620,2024-11-23
611,5509,Late Delivery,3826,2025-02-25
612,1868,Late Delivery,243,2024-06-16
613,8940,Wrong Item,5427,2026-02-03
614,5923,Late Delivery,5754,2024-10-26
615,4703,Poor Quality,3919,2026-04-24
616,2522,Poor Quality,9428,2025-05-06
617,2030,No Longer Needed,645,2025-05-31
618,3615,Poor Quality,4702,2025-06-26
619,8741,Poor Quality,7283,2024-09-20
620,841,Damaged,4266,2024-09-07
621,7721,Damaged,3664,2024-11-30
622,9197,Late Delivery,3440,2025-06-27
623,5624,Not as Described,1785,2025-07-16
624,2697,Late Delivery,6225,2025-05-05
625,8364,No Longer Needed,1610,2024-10-08
626,1363,Damaged,1158,2025-06-25
627,2717,Poor Quality,1119,2024-07-04
628,4377,Late Delivery,1460,2026-04-07
629,7399,Not as Described,1034,2025-04-05
630,1356,Late Delivery,1601,2024-12-07
631,7335,Late Delivery,8839,2025-11-19
632,7337,Wrong Item,4225,2025-11-05
633,9871,Poor Quality,4500,2026-02-02
634,6224,No Longer Needed,2822,2025-10-09
635,7809,Wrong Item,5934,2024-12-02
636,8151,Wrong Item,7471,2025-10-19
637,4216,Not as Described,3717,2024-06-24
638,1131,Wrong Item,935,2025-06-25
639,9204,Damaged,2680,2024-05-22
640,8230,No Longer Needed,8887,2025-12-08
641,1736,Not as Described,1373,2024-12-06
642,9288,Not as Described,5940,2025-04-01
643,3070,Wrong Item,9021,2026-04-14
644,9911,No Longer Needed,5526,2025-10-23
645,7882,Wrong Item,1139,2024-09-03
646,3503,Late Delivery,1347,2025-01-20
647,6519,Poor Quality,4059,2024-10-04
648,6079,Late Delivery,1232,2026-02-11
649,6516,Damaged,8614,2026-02-18
650,2094,Poor Quality,298,2025-10-08
651,1827,Poor Quality,6548,2025-08-22
652,2269,Wrong Item,2221,2025-11-21
653,2533,Poor Quality,7086,2025-10-02
654,8616,Wrong Item,6663,2026-04-17
655,686,No Longer Needed,6579,2026-04-11
656,9313,Poor Quality,6885,2026-05-16
657,3968,Late Delivery,1841,2025-08-06
658,1676,No Longer Needed,3100,2024-08-23
659,8701,Damaged,3636,2024-07-10
660,4260,Damaged,8429,2025-10-21
661,740,No Longer Needed,3139,2024-06-22
662,8803,Late Delivery,9209,2024-11-05
663,335,Not as Described,7782,2024-11-27
664,4149,Late Delivery,8282,2025-12-13
665,2675,Damaged,4381,2025-09-22
666,6856,Poor Quality,3953,2025-04-10
667,3752,Late Delivery,6793,2025-05-01
668,3900,Damaged,9113,2024-07-29
669,2200,Wrong Item,1034,2024-12-19
670,1796,Damaged,1531,2026-01-28
671,8978,Wrong Item,3593,2025-07-12
672,503,Not as Described,6412,2025-12-20
673,2307,Poor Quality,1049,2025-02-09
674,5296,Poor Quality,1046,2025-06-27
675,2695,Late Delivery,3401,2024-06-19
676,7198,Damaged,6285,2025-01-18
677,4894,Late Delivery,6392,2026-04-12
678,1043,Damaged,6787,2025-07-16
679,7429,Damaged,3613,2024-12-07
680,6817,Damaged,7501,2024-09-06
681,1228,Wrong Item,3015,2025-11-09
682,8939,Wrong Item,7618,2024-11-07
683,4999,No Longer Needed,9932,2024-06-23
684,4940,Not as Described,8242,2024-11-19
685,9209,Poor Quality,1039,2025-01-19
686,9752,No Longer Needed,9746,2024-12-13
687,3236,Damaged,2530,2026-01-21
688,7566,Wrong Item,8300,2024-05-26
689,8889,Damaged,2892,2024-11-23
690,8403,Damaged,4028,2025-06-07
691,8821,No Longer Needed,4515,2025-01-03
692,1897,Not as Described,4532,2025-07-30
693,6490,Poor Quality,5794,2025-10-30
694,828,No Longer Needed,4057,2025-01-26
695,2762,Not as Described,7101,2025-01-19
696,8706,Wrong Item,2683,2025-05-22
697,4775,Late Delivery,5629,2024-10-11
698,3518,Not as Described,4757,2025-03-22
699,7247,Damaged,1390,2025-10-14
700,2544,Damaged,7612,2024-09-09
701,8697,Wrong Item,2810,2025-08-28
702,4569,No Longer Needed,8538,2025-05-27
703,1288,Poor Quality,4845,2025-06-18
704,4399,Not as Described,1462,2025-04-07
705,2509,Late Delivery,3379,2026-04-02
706,5460,Late Delivery,5372,2025-12-08
707,2097,Poor Quality,8866,2024-10-28
708,3506,Not as Described,5885,2026-02-11
709,2869,Not as Described,5114,2024-10-03
710,6432,Wrong Item,6170,2026-02-24
711,5419,Wrong Item,385,2025-05-04
712,6951,No Longer Needed,6372,2025-03-12
713,5191,No Longer Needed,9960,2025-10-28
714,5856,Wrong Item,7341,2024-08-08
715,6628,Poor Quality,6080,2024-06-13
716,4790,Damaged,6057,2026-03-07
717,7482,Poor Quality,9102,2024-08-07
718,1041,No Longer Needed,8132,2026-01-11
719,39,No Longer Needed,6310,2025-10-05
720,6483,Not as Described,1227,2024-05-19
721,3280,No Longer Needed,683,2025-10-29
722,3529,Wrong Item,3656,2024-07-28
723,7528,Wrong Item,5069,2024-09-27
724,5380,Damaged,4647,2026-02-25
725,9933,Poor Quality,7971,2025-07-22
726,9880,No Longer Needed,9039,2025-11-20
727,3018,Wrong Item,1528,2026-02-25
728,9950,Not as Described,6201,2026-04-04
729,4459,No Longer Needed,4757,2024-11-25
730,26,Not as Described,7149,2024-12-11
731,5057,Wrong Item,764,2024-11-08
732,5548,No Longer Needed,8705,2025-04-16
733,7704,Wrong Item,8810,2025-10-25
734,8945,Not as Described,6481,2025-05-13
735,6094,Wrong Item,552,2025-07-31
736,3532,Wrong Item,8895,2024-09-14
737,3746,Not as Described,8560,2025-06-29
738,7657,Poor Quality,552,2025-01-28
739,3001,Not as Described,6062,2024-11-26
740,4770,Not as Described,2917,2026-03-27
741,6381,Not as Described,4648,2026-05-01
742,7697,Wrong Item,973,2024-08-10
743,3975,Poor Quality,9897,2024-07-12
744,3589,No Longer Needed,8377,2025-11-15
745,5979,Damaged,5060,2025-04-01
746,506,Not as Described,4002,2025-05-29
747,8724,Not as Described,4167,2025-02-05
748,5164,Wrong Item,4627,2024-09-04
749,2495,No Longer Needed,2366,2026-02-11
750,3887,Poor Quality,1980,2024-08-01
751,1906,Late Delivery,8564,2026-02-28
752,1346,Poor Quality,5019,2025-09-05
753,9582,Not as Described,6607,2024-08-02
754,9649,No Longer Needed,2031,2024-10-25
755,2242,Late Delivery,9790,2024-08-28
756,7758,Poor Quality,7093,2025-08-04
757,3333,No Longer Needed,8953,2026-03-18
758,7077,Damaged,137,2024-08-02
759,253,No Longer Needed,7556,2026-04-07
760,6023,Wrong Item,2627,2025-10-27
761,5805,No Longer Needed,7409,2024-07-12
762,60,No Longer Needed,272,2025-04-16
763,1803,Not as Described,4756,2026-03-28
764,4258,Poor Quality,3184,2025-07-24
765,536,Poor Quality,2073,2024-12-16
766,7229,Late Delivery,3489,2025-07-30
767,5820,Not as Described,8442,2024-08-15
768,9451,Not as Described,1802,2025-04-22
769,8761,Poor Quality,8034,2025-06-27
770,9840,Wrong Item,3886,2026-02-19
771,6609,Wrong Item,7532,2025-06-27
772,2936,Not as Described,7517,2024-08-06
773,2920,Not as Described,6950,2024-08-01
774,1668,Late Delivery,2072,2024-09-13
775,8643,No Longer Needed,6433,2025-08-26
776,8514,Poor Quality,5526,2025-01-15
777,2541,Poor Quality,9011,2026-02-12
778,8023,No Longer Needed,1259,2025-12-11
779,7978,No Longer Needed,1583,2026-01-29
780,569,Late Delivery,6856,2024-10-14
781,3503,Not as Described,1906,2025-03-02
782,7390,No Longer Needed,1653,2024-05-22
783,1908,Not as Described,2793,2024-06-11
784,2346,No Longer Needed,3126,2024-06-29
785,2901,Not as Described,3747,2025-04-11
786,6632,Damaged,2360,2026-01-30
787,5525,Poor Quality,6866,2025-10-06
788,8623,Late Delivery,1420,2025-01-21
789,2692,Damaged,8431,2026-01-28
790,604,Wrong Item,8081,2025-01-25
791,5638,Poor Quality,4900,2025-06-08
792,2840,Late Delivery,990,2025-08-21
793,2372,No Longer Needed,313,2026-03-06
794,3648,Damaged,4498,2025-02-12
795,8214,No Longer Needed,1066,2026-01-10
796,9295,Wrong Item,8832,2024-11-17
797,6781,Wrong Item,6598,2025-07-11
798,7154,Not as Described,9041,2025-12-29
799,8799,Not as Described,1937,2024-08-15
800,3093,Poor Quality,1201,2025-09-01
801,5246,Damaged,3970,2025-10-01
802,3221,Poor Quality,6470,2024-09-14
803,6240,Late Delivery,6754,2024-07-19
804,4410,Wrong Item,540,2024-10-02
805,7979,Wrong Item,8359,2025-10-18
806,495,Late Delivery,1277,2025-09-22
807,5516,Poor Quality,4576,2024-06-22
808,8972,Late Delivery,6882,2025-07-25
809,1823,Damaged,4873,2024-07-01
810,1010,Not as Described,6308,2025-05-30
811,4883,Damaged,4686,2026-02-13
812,291,Poor Quality,1905,2025-06-08
813,8228,Damaged,8879,2024-05-29
814,3209,Wrong Item,4110,2025-11-03
815,6075,Damaged,5128,2025-11-09
816,7655,Not as Described,1700,2024-10-30
817,1352,Wrong Item,5151,2026-01-13
818,9322,Wrong Item,9806,2026-03-17
819,4536,No Longer Needed,3623,2024-05-25
820,6630,Wrong Item,3066,2026-05-08
821,6477,Not as Described,6199,2026-02-05
822,9077,Not as Described,4687,2025-11-12
823,5336,Poor Quality,7674,2025-07-14
824,2766,No Longer Needed,4813,2025-01-18
825,379,Late Delivery,9902,2025-02-04
826,8526,No Longer Needed,6036,2026-02-27
827,2535,No Longer Needed,764,2026-03-04
828,5632,Not as Described,8572,2025-05-20
829,6011,Damaged,6180,2025-12-05
830,2675,Damaged,1961,2026-01-24
831,4737,Not as Described,9180,2024-09-08
832,2203,Poor Quality,8406,2026-04-27
833,9630,Late Delivery,8664,2024-12-27
834,3891,Damaged,8560,2025-04-02
835,7379,Not as Described,6649,2025-04-19
836,4125,Wrong Item,6400,2024-09-07
837,434,Damaged,3926,2024-10-05
838,5907,Not as Described,8288,2025-10-27
839,6358,Not as Described,5757,2025-02-22
840,2814,Poor Quality,3732,2024-10-21
841,4462,Poor Quality,2691,2024-12-23
842,4565,Not as Described,6313,2025-02-09
843,5866,Late Delivery,5145,2025-11-09
844,9781,No Longer Needed,4076,2024-06-22
845,502,No Longer Needed,6624,2026-02-25
846,5006,Late Delivery,1036,2025-11-20
847,4309,Late Delivery,103,2025-10-04
848,3227,No Longer Needed,9577,2025-06-30
849,4822,Poor Quality,5827,2024-06-07
850,9203,No Longer Needed,8225,2025-11-11
851,9794,Damaged,3149,2026-03-12
852,6905,Not as Described,2438,2024-06-01
853,871,Wrong Item,9082,2024-12-19
854,1567,Wrong Item,4188,2025-11-19
855,7696,Wrong Item,199,2025-06-01
856,3530,Poor Quality,3281,2025-06-23
857,586,Late Delivery,2295,2024-10-16
858,154,Not as Described,7054,2025-04-03
859,7421,Late Delivery,9482,2024-07-14
860,1632,Not as Described,9682,2026-04-07
861,1211,No Longer Needed,2333,2024-07-15
862,3425,No Longer Needed,5719,2024-07-25
863,3003,Poor Quality,9905,2026-01-27
864,6284,Damaged,3731,2025-05-15
865,7928,Poor Quality,8606,2025-07-21
866,6999,Not as Described,4921,2025-03-09
867,1425,Late Delivery,8868,2026-05-04
868,3806,Damaged,2943,2025-12-02
869,3953,Late Delivery,403,2024-07-08
870,87,Late Delivery,5580,2025-02-25
871,943,Wrong Item,2136,2024-07-09
872,91,No Longer Needed,9645,2026-01-04
873,605,Wrong Item,9892,2024-05-28
874,1568,No Longer Needed,9178,2025-04-15
875,3322,Not as Described,685,2024-11-11
876,7075,Damaged,1630,2024-10-28
877,9217,Poor Quality,2019,2025-06-24
878,2765,No Longer Needed,5616,2026-04-28
879,6194,No Longer Needed,6210,2025-11-27
880,8136,No Longer Needed,8629,2025-12-30
881,8640,Not as Described,3989,2026-02-26
882,1408,Late Delivery,6703,2024-06-17
883,9948,Damaged,2794,2025-12-28
884,135,Not as Described,285,2025-01-25
885,3180,Poor Quality,2624,2026-05-07
886,8858,Late Delivery,6002,2024-08-02
887,3331,Damaged,3206,2024-07-20
888,6739,No Longer Needed,3879,2025-11-03
889,5252,Damaged,8698,2025-01-07
890,653,Not as Described,7676,2025-02-01
891,1029,Late Delivery,1626,2025-10-05
892,198,Late Delivery,7035,2026-02-19
893,2392,No Longer Needed,223,2025-05-26
894,3670,Wrong Item,2763,2024-07-07
895,6582,Not as Described,6999,2025-12-28
896,6090,Damaged,6293,2026-01-17
897,7037,Not as Described,8851,2024-09-13
898,2841,Wrong Item,7579,2024-05-30
899,8857,Not as Described,2711,2025-03-20
900,684,Not as Described,9284,2025-12-11
901,9526,Poor Quality,3939,2026-01-15
902,8127,No Longer Needed,8046,2026-04-22
903,8632,Poor Quality,9015,2024-07-29
904,6099,No Longer Needed,364,2025-10-16
905,8029,Not as Described,7521,2025-03-26
906,587,Not as Described,5531,2024-08-03
907,3672,Late Delivery,556,2024-08-03
908,9486,Late Delivery,2165,2024-05-20
909,4725,No Longer Needed,573,2025-09-04
910,8440,Poor Quality,1650,2024-05-22
911,5464,No Longer Needed,4963,2024-09-15
912,9468,Not as Described,8029,2025-12-24
913,8510,Not as Described,3149,2024-10-09
914,9194,Late Delivery,388,2025-07-05
915,509,Wrong Item,8402,2025-07-14
916,8876,No Longer Needed,2935,2026-02-02
917,6313,Late Delivery,715,2024-08-18
918,8861,Wrong Item,6069,2025-11-08
919,5403,No Longer Needed,9094,2025-05-21
920,1690,Damaged,3158,2026-03-22
921,1904,Late Delivery,4899,2025-03-08
922,128,Damaged,6780,2024-09-06
923,6357,Wrong Item,8531,2025-02-10
924,8411,Not as Described,9243,2025-05-26
925,7818,Not as Described,2146,2025-01-14
926,5997,Damaged,1221,2025-11-27
927,9061,Wrong Item,865,2025-09-28
928,2693,Damaged,7383,2025-07-29
929,286,Wrong Item,3229,2024-09-20
930,4331,No Longer Needed,4701,2024-12-15
931,8682,Late Delivery,1686,2025-04-04
932,6047,Poor Quality,9691,2024-12-04
933,5279,Not as Described,9224,2025-09-08
934,8775,Not as Described,3673,2025-09-15
935,6425,Poor Quality,4816,2025-09-19
936,7398,No Longer Needed,7238,2025-06-16
937,9970,No Longer Needed,1738,2025-07-08
938,8228,Late Delivery,5010,2026-05-07
939,184,Wrong Item,1343,2025-12-23
940,8742,Not as Described,6127,2024-09-29
941,4567,Late Delivery,3882,2026-02-02
942,1087,Wrong Item,664,2024-12-29
943,7364,Poor Quality,1865,2025-11-30
944,6172,Not as Described,8740,2024-10-07
945,3408,Wrong Item,5601,2026-03-28
946,9710,Poor Quality,847,2025-05-06
947,5928,No Longer Needed,5561,2024-11-11
948,632,Wrong Item,9921,2025-12-22
949,875,Poor Quality,6871,2024-11-06
950,435,Wrong Item,1630,2025-07-12
951,9334,Not as Described,2710,2025-06-06
952,7780,Wrong Item,2762,2026-04-06
953,612,Not as Described,4285,2026-05-04
954,7592,Poor Quality,834,2024-09-23
955,8382,No Longer Needed,3963,2025-09-25
956,385,Not as Described,8628,2025-07-27
957,8323,Damaged,7165,2025-01-11
958,5095,Not as Described,2131,2026-02-07
959,6702,No Longer Needed,7494,2025-03-02
960,5387,Wrong Item,6023,2026-03-10
961,1591,Wrong Item,2577,2026-02-06
962,1825,Wrong Item,9147,2025-11-26
963,7261,Wrong Item,2725,2025-01-12
964,9562,Not as Described,7258,2025-03-31
965,6920,No Longer Needed,9025,2025-04-04
966,4835,Poor Quality,7593,2026-01-06
967,7764,Not as Described,6553,2026-02-14
968,9594,Late Delivery,7074,2025-02-24
969,771,Not as Described,9570,2025-09-28
970,9002,Not as Described,3282,2025-04-18
971,3531,Wrong Item,1767,2024-09-29
972,2036,No Longer Needed,5450,2026-01-24
973,6159,Poor Quality,9703,2025-12-02
974,3244,Poor Quality,3019,2024-09-17
975,6597,Damaged,7677,2025-11-26
976,4333,Poor Quality,2546,2025-06-19
977,5219,Not as Described,8420,2025-03-21
978,1497,Poor Quality,7774,2024-10-01
979,417,Poor Quality,7670,2024-06-17
980,8014,Not as Described,1659,2024-11-13
981,6184,No Longer Needed,3824,2025-02-09
982,4218,Not as Described,3877,2024-12-18
983,496,Damaged,7486,2024-11-27
984,3715,Wrong Item,2149,2025-09-30
985,6786,Poor Quality,7158,2025-01-26
986,3495,Poor Quality,7134,2025-12-16
987,6350,Late Delivery,5112,2025-12-17
988,8036,No Longer Needed,7426,2025-12-14
989,917,Wrong Item,4697,2026-05-05
990,9518,No Longer Needed,8993,2025-06-23
991,2067,Damaged,3491,2025-03-17
992,6817,Damaged,5069,2025-08-09
993,5818,Damaged,8213,2024-09-11
994,3340,Poor Quality,2726,2024-07-06
995,7060,Damaged,7156,2025-11-09
996,5356,No Longer Needed,6673,2025-08-14
997,6784,Late Delivery,2324,2026-02-20
998,4166,Poor Quality,7803,2024-11-06
999,5049,Damaged,9953,2025-10-09
1000,6212,Not as Described,9068,2024-08-31
1001,6298,Late Delivery,3991,2024-06-21
1002,1704,Wrong Item,9278,2026-03-08
1003,4771,Damaged,908,2024-08-17
1004,8392,Late Delivery,5040,2025-06-16
1005,4164,Not as Described,5082,2024-09-26
1006,1952,Not as Described,1724,2024-10-28
1007,5756,Damaged,4972,2024-11-29
1008,7184,Damaged,9009,2024-12-14
1009,4647,Wrong Item,4715,2024-11-07
1010,2954,Wrong Item,9270,2025-12-24
1011,9261,Damaged,2496,2025-05-24
1012,6969,Late Delivery,1098,2025-08-26
1013,759,No Longer Needed,8737,2024-07-14
1014,9935,No Longer Needed,4456,2025-09-26
1015,6704,Poor Quality,2960,2026-04-16
1016,4838,Late Delivery,176,2024-10-24
1017,6300,Poor Quality,226,2026-02-01
1018,2411,Not as Described,4811,2024-12-21
1019,294,No Longer Needed,1080,2025-11-17
1020,4427,No Longer Needed,7544,2024-09-30
1021,8754,Late Delivery,1928,2024-07-02
1022,7858,Wrong Item,1190,2025-03-20
1023,4614,No Longer Needed,1906,2025-07-24
1024,7419,Late Delivery,1545,2025-10-25
1025,6267,No Longer Needed,705,2026-04-05
1026,6706,Wrong Item,1669,2024-12-29
1027,5840,No Longer Needed,2148,2025-06-22
1028,4348,Damaged,2729,2024-07-26
1029,8534,No Longer Needed,6838,2024-11-14
1030,7564,Late Delivery,6232,2026-05-12
1031,3426,Poor Quality,5843,2026-04-20
1032,5215,Late Delivery,6305,2026-01-30
1033,254,Not as Described,5305,2025-09-25
1034,4405,Poor Quality,5683,2024-06-28
1035,7418,Damaged,558,2024-06-29
1036,8371,Wrong Item,5534,2024-09-30
1037,4129,Poor Quality,3987,2025-01-14
1038,3800,Not as Described,7767,2025-09-05
1039,7322,Late Delivery,680,2026-04-20
1040,4715,No Longer Needed,5020,2025-01-25
1041,4629,Not as Described,7989,2025-01-05
1042,8763,Wrong Item,4530,2024-08-07
1043,8156,Not as Described,5838,2025-05-14
1044,2764,Not as Described,4939,2024-07-20
1045,5493,No Longer Needed,5167,2026-01-05
1046,3469,Late Delivery,9002,2025-06-25
1047,2524,Late Delivery,5222,2025-09-23
1048,5223,Late Delivery,7159,2025-09-21
1049,844,Wrong Item,1541,2024-12-15
1050,1035,Damaged,7785,2025-03-13
1051,5530,Wrong Item,2204,2026-04-13
1052,1818,Late Delivery,3265,2024-12-14
1053,5470,Late Delivery,929,2024-05-22
1054,9493,Not as Described,9775,2026-01-08
1055,4673,Damaged,5201,2024-10-28
1056,7647,Not as Described,4928,2025-02-08
1057,4682,Not as Described,6686,2026-02-10
1058,4582,Late Delivery,6002,2025-09-27
1059,606,No Longer Needed,3508,2025-09-08
1060,3813,Not as Described,2209,2026-04-12
1061,4710,No Longer Needed,5650,2025-12-29
1062,8155,Not as Described,5313,2026-03-17
1063,9658,Damaged,3729,2025-03-13
1064,8564,No Longer Needed,5557,2026-03-14
1065,8696,Damaged,1408,2025-01-15
1066,13,Not as Described,7397,2026-01-11
1067,5949,Damaged,9411,2024-06-13
1068,8959,Late Delivery,2848,2025-04-16
1069,6862,Not as Described,4882,2025-01-21
1070,521,Not as Described,3157,2024-12-22
1071,8880,No Longer Needed,5749,2026-04-26
1072,4711,No Longer Needed,4519,2026-01-28
1073,5569,Not as Described,8713,2026-01-11
1074,8322,No Longer Needed,6827,2026-03-23
1075,3949,Late Delivery,5921,2025-06-30
1076,3018,Poor Quality,5811,2024-11-05
1077,8237,Damaged,4880,2025-10-02
1078,374,Not as Described,9728,2025-07-11
1079,8313,Wrong Item,1873,2024-10-11
1080,7950,Late Delivery,2111,2025-11-19
1081,5664,No Longer Needed,6936,2026-05-07
1082,3555,Late Delivery,1139,2024-06-28
1083,5966,No Longer Needed,4013,2024-12-11
1084,1246,Damaged,5648,2025-12-06
1085,5558,Late Delivery,2367,2024-09-06
1086,1999,Damaged,4406,2025-08-19
1087,9747,Late Delivery,2473,2025-11-29
1088,8890,Poor Quality,9124,2024-09-29
1089,8996,Damaged,4817,2024-10-12
1090,5103,Not as Described,3725,2024-09-08
1091,5586,No Longer Needed,7280,2025-11-26
1092,8816,Poor Quality,2563,2025-12-19
1093,5901,Not as Described,3051,2025-07-14
1094,9031,Wrong Item,3138,2025-02-19
1095,4240,Not as Described,2834,2026-03-27
1096,1209,Damaged,5276,2024-10-13
1097,1881,Not as Described,961,2025-06-28
1098,8691,Not as Described,8436,2025-01-31
1099,6810,Not as Described,6666,2024-12-28
1100,1233,Wrong Item,2551,2025-10-09
1101,4850,Damaged,3645,2025-04-24
1102,6602,No Longer Needed,6414,2024-08-21
1103,4231,Poor Quality,3177,2024-08-24
1104,5438,Wrong Item,2910,2024-07-22
1105,9264,Late Delivery,5598,2025-01-04
1106,4151,Late Delivery,6091,2024-07-15
1107,6070,Wrong Item,4703,2026-04-20
1108,2266,Wrong Item,5693,2024-09-27
1109,1733,Damaged,986,2025-09-26
1110,750,Damaged,7230,2026-04-04
1111,5605,Poor Quality,2394,2025-03-27
1112,2523,No Longer Needed,2976,2026-03-30
1113,1352,Not as Described,6732,2026-05-12
1114,8847,Wrong Item,3047,2024-07-06
1115,4874,Poor Quality,7354,2024-08-10
1116,6890,Late Delivery,8016,2024-09-03
1117,6469,Wrong Item,9878,2025-07-27
1118,1709,Damaged,6280,2025-11-08
1119,8153,Late Delivery,7996,2024-07-12
1120,8008,Late Delivery,5437,2025-08-08
1121,9108,Not as Described,5152,2025-12-11
1122,6852,Poor Quality,2626,2025-06-09
1123,533,Damaged,5094,2024-09-27
1124,9307,No Longer Needed,9168,2024-11-13
1125,9395,Damaged,6835,2024-06-11
1126,4123,Wrong Item,5181,2026-04-11
1127,2390,Late Delivery,3052,2024-07-14
1128,2950,Wrong Item,2012,2024-07-27
1129,3953,No Longer Needed,7847,2025-07-16
1130,3137,Not as Described,564,2026-04-30
1131,9375,No Longer Needed,4095,2025-03-14
1132,4834,Not as Described,1046,2025-07-06
1133,5083,Late Delivery,8479,2025-08-18
1134,8723,No Longer Needed,8704,2025-03-25
1135,7308,Wrong Item,1389,2025-12-21
1136,1643,Late Delivery,5592,2025-11-22
1137,1312,Damaged,1147,2025-05-21
1138,5873,No Longer Needed,9647,2025-12-25
1139,3698,Not as Described,741,2024-08-11
1140,3639,Late Delivery,4476,2024-10-07
1141,3971,Damaged,8027,2025-12-02
1142,422,No Longer Needed,4979,2024-07-11
1143,3560,Damaged,4775,2024-11-20
1144,7479,Late Delivery,8387,2025-04-06
1145,8705,Late Delivery,2262,2024-07-14
1146,1911,Wrong Item,7594,2026-03-28
1147,2402,Late Delivery,2705,2025-11-24
1148,7624,Not as Described,9845,2024-11-18
1149,6997,Late Delivery,7410,2025-10-16
1150,4967,Wrong Item,4362,2026-04-09
1151,576,Late Delivery,5024,2025-10-28
1152,2051,Not as Described,9106,2025-06-21
1153,9256,Poor Quality,2516,2024-10-12
1154,5931,Poor Quality,6813,2026-04-21
1155,6732,Not as Described,6536,2025-01-14
1156,7531,Poor Quality,7729,2026-04-12
1157,3931,Wrong Item,8700,2024-12-05
1158,1078,No Longer Needed,3001,2025-05-26
1159,6201,No Longer Needed,7190,2025-12-06
1160,7983,No Longer Needed,546,2025-07-18
1161,6184,Damaged,567,2024-06-11
1162,2663,Damaged,2560,2024-10-31
1163,5156,Late Delivery,2682,2025-07-11
1164,7966,Not as Described,8451,2025-01-06
1165,387,Wrong Item,3978,2026-04-11
1166,8072,Not as Described,2629,2024-06-15
1167,7863,Wrong Item,3869,2025-01-17
1168,8686,Damaged,2348,2024-08-20
1169,6831,Late Delivery,2505,2025-12-12
1170,7689,Late Delivery,1315,2025-03-03
1171,3504,Late Delivery,3779,2025-06-05
1172,326,Not as Described,9043,2025-04-25
1173,8442,Damaged,4625,2025-10-08
1174,3015,No Longer Needed,8939,2024-09-30
1175,4643,Not as Described,8738,2025-01-15
1176,3769,Poor Quality,4347,2025-10-16
1177,4276,Poor Quality,4484,2025-03-06
1178,5889,No Longer Needed,3553,2026-05-16
1179,3247,No Longer Needed,2754,2024-09-28
1180,4337,Not as Described,8413,2025-07-25
1181,5278,Damaged,343,2026-02-25
1182,3690,No Longer Needed,1793,2025-10-20
1183,1808,Wrong Item,557,2026-01-06
1184,2516,Poor Quality,1246,2024-10-13
1185,2779,Late Delivery,5955,2024-06-13
1186,9403,Not as Described,5070,2025-10-02
1187,1225,Damaged,5543,2024-09-29
1188,4776,Late Delivery,4373,2024-08-24
1189,4172,Damaged,667,2024-07-26
1190,4441,Late Delivery,4330,2024-12-28
1191,3876,Late Delivery,8870,2024-10-20
1192,3961,Late Delivery,6441,2025-12-18
1193,353,Poor Quality,1761,2025-03-05
1194,4942,No Longer Needed,2484,2026-02-25
1195,391,Not as Described,2171,2024-09-09
1196,9739,No Longer Needed,2104,2025-07-14
1197,9496,Damaged,7029,2025-03-03
1198,4280,Poor Quality,8024,2024-08-29
1199,6055,Wrong Item,8476,2026-01-22
1200,446,Not as Described,5507,2025-10-07
1201,6183,No Longer Needed,413,2025-06-05
1202,3515,Not as Described,8105,2024-12-29
1203,8801,Wrong Item,4044,2024-08-05
1204,5583,No Longer Needed,3342,2026-03-27
1205,3573,No Longer Needed,6601,2026-01-28
1206,2031,Damaged,5159,2025-11-13
1207,4833,Wrong Item,8161,2024-05-25
1208,2079,Late Delivery,242,2026-04-14
1209,730,No Longer Needed,842,2025-04-13
1210,2953,No Longer Needed,7269,2024-12-07
1211,4525,Poor Quality,2944,2025-04-05
1212,2628,Late Delivery,8789,2026-03-01
1213,7399,Wrong Item,7338,2024-07-04
1214,724,No Longer Needed,9884,2025-04-13
1215,4774,Not as Described,7483,2024-11-02
1216,7652,Damaged,7298,2025-08-28
1217,3749,Not as Described,4073,2025-02-03
1218,2542,Poor Quality,6184,2026-04-23
1219,5687,No Longer Needed,6907,2025-08-05
1220,4609,Late Delivery,6557,2025-05-12
1221,4046,Poor Quality,6202,2026-01-21
1222,4189,Damaged,2658,2025-06-20
1223,8124,Poor Quality,3490,2025-05-05
1224,4597,No Longer Needed,8398,2024-10-30
1225,5315,Damaged,2087,2025-09-03
1226,7011,Late Delivery,4229,2025-01-12
1227,8595,Damaged,521,2026-01-26
1228,7428,No Longer Needed,2761,2024-05-20
1229,9157,Late Delivery,3643,2025-10-16
1230,2799,Late Delivery,5045,2025-03-28
1231,688,Damaged,2931,2026-03-15
1232,4772,Wrong Item,5033,2024-06-11
1233,7149,Late Delivery,2381,2024-12-07
1234,4369,Damaged,2934,2025-12-07
1235,5618,No Longer Needed,2631,2025-11-12
1236,8026,No Longer Needed,7961,2024-05-27
1237,8284,No Longer Needed,7394,2026-03-06
1238,6329,Poor Quality,6773,2024-06-14
1239,7505,Late Delivery,8082,2025-02-24
1240,6956,Not as Described,281,2025-08-19
1241,7083,Damaged,2701,2024-10-09
1242,7498,Not as Described,756,2024-06-19
1243,4907,No Longer Needed,4823,2024-12-16
1244,517,Not as Described,4257,2025-07-27
1245,5242,No Longer Needed,9085,2025-02-21
1246,6907,Wrong Item,140,2026-01-31
1247,8394,Poor Quality,2661,2025-07-12
1248,3012,Wrong Item,4020,2025-08-15
1249,8856,Poor Quality,2497,2024-06-02
1250,7588,No Longer Needed,6431,2024-08-23
1251,9150,Not as Described,3842,2025-09-17
1252,5162,Late Delivery,7758,2025-11-21
1253,5980,No Longer Needed,5515,2026-02-11
1254,8038,Late Delivery,8274,2024-10-20
1255,7583,Late Delivery,8974,2025-01-23
1256,7715,Poor Quality,4253,2025-06-03
1257,40,Poor Quality,8545,2024-07-05
1258,8695,Not as Described,9629,2024-12-02
1259,2917,Damaged,7153,2024-09-04
1260,9631,Damaged,1571,2024-06-11
1261,1127,No Longer Needed,2768,2025-02-18
1262,9599,Late Delivery,850,2024-11-01
1263,4041,Not as Described,9741,2025-11-08
1264,1235,Not as Described,9301,2024-09-19
1265,1170,Late Delivery,9489,2026-01-30
1266,8806,Wrong Item,1725,2024-06-17
1267,7116,Wrong Item,4658,2024-10-17
1268,8415,Wrong Item,5644,2025-03-30
1269,4873,Wrong Item,5375,2024-08-30
1270,4188,Damaged,8439,2025-06-09
1271,6717,Poor Quality,7883,2024-05-29
1272,5200,Poor Quality,6739,2025-10-11
1273,8083,No Longer Needed,329,2024-10-28
1274,8131,Wrong Item,9732,2024-09-08
1275,3208,Damaged,4443,2025-02-20
1276,9860,Wrong Item,4943,2024-08-07
1277,2046,Not as Described,3350,2025-06-26
1278,7251,Damaged,9555,2025-11-02
1279,9620,Not as Described,3232,2026-05-16
1280,2281,Late Delivery,9591,2024-09-22
1281,5711,No Longer Needed,6708,2026-01-11
1282,4385,Damaged,1499,2025-05-02
1283,3454,Poor Quality,3413,2025-08-08
1284,1759,Late Delivery,4055,2026-01-04
1285,5393,Wrong Item,4613,2025-12-13
1286,7055,Late Delivery,6501,2025-11-28
1287,7649,Wrong Item,5322,2025-10-03
1288,5686,Not as Described,8189,2025-08-03
1289,1305,Wrong Item,1773,2024-10-20
1290,5719,Wrong Item,3332,2024-09-30
1291,691,Poor Quality,349,2025-01-07
1292,7834,No Longer Needed,662,2025-02-12
1293,4436,Poor Quality,8226,2025-01-21
1294,299,Poor Quality,3801,2026-04-27
1295,6363,Damaged,5775,2025-05-18
1296,2695,Wrong Item,4017,2024-06-25
1297,6119,No Longer Needed,2301,2025-08-26
1298,5326,Poor Quality,7386,2025-06-22
1299,1448,Wrong Item,4613,2025-04-19
1300,9685,Poor Quality,7592,2025-09-12
1301,5594,Late Delivery,2718,2025-03-15
1302,6866,No Longer Needed,7325,2025-12-11
1303,2263,Not as Described,5382,2026-02-27
1304,9297,Not as Described,6600,2025-05-23
1305,9098,Poor Quality,8974,2025-08-20
1306,3281,No Longer Needed,5397,2025-09-26
1307,4687,No Longer Needed,5719,2025-03-04
1308,7876,Damaged,1706,2025-06-11
1309,9505,No Longer Needed,4936,2024-11-16
1310,3506,Not as Described,2345,2025-07-13
1311,6411,Damaged,9417,2024-10-28
1312,1403,Wrong Item,8569,2025-01-24
1313,5273,Late Delivery,6136,2025-05-30
1314,1694,Late Delivery,2898,2025-10-20
1315,4537,Poor Quality,9058,2025-08-25
1316,3347,No Longer Needed,8426,2024-05-21
1317,6247,Poor Quality,5858,2026-03-07
1318,170,Poor Quality,1891,2024-09-23
1319,8914,Not as Described,8172,2025-10-21
1320,8504,Not as Described,2895,2024-07-08
1321,7338,No Longer Needed,4350,2024-05-22
1322,1610,No Longer Needed,6271,2025-02-04
1323,296,Poor Quality,6667,2024-12-09
1324,472,Not as Described,6969,2025-05-15
1325,8514,No Longer Needed,2692,2025-10-25
1326,3006,Late Delivery,8014,2026-01-13
1327,251,No Longer Needed,2090,2026-04-22
1328,5555,Wrong Item,4535,2025-03-04
1329,6206,Poor Quality,898,2025-11-25
1330,2267,No Longer Needed,7192,2024-12-12
1331,1702,Late Delivery,6350,2026-01-09
1332,3018,Wrong Item,1056,2025-04-16
1333,5097,Poor Quality,8547,2024-06-11
1334,603,Damaged,7499,2025-10-06
1335,9763,Poor Quality,9689,2025-05-01
1336,8337,Wrong Item,1681,2025-05-14
1337,8921,Poor Quality,9924,2024-09-22
1338,8846,No Longer Needed,901,2024-08-06
1339,2493,Not as Described,7113,2024-11-17
1340,8844,Damaged,1728,2024-09-08
1341,9152,No Longer Needed,7877,2025-01-25
1342,28,Not as Described,8538,2024-09-20
1343,6639,Wrong Item,6122,2025-04-23
1344,7111,Late Delivery,4106,2025-10-11
1345,6506,No Longer Needed,1656,2025-02-08
1346,4554,Not as Described,6521,2024-12-29
1347,355,Not as Described,3952,2025-10-25
1348,6815,Wrong Item,4985,2025-03-11
1349,2974,No Longer Needed,497,2026-02-13
1350,666,Poor Quality,2169,2025-02-03
1351,8545,Wrong Item,3324,2025-04-19
1352,7825,Damaged,6323,2024-06-04
1353,1626,Not as Described,9382,2024-09-09
1354,8503,No Longer Needed,688,2026-02-06
1355,7887,Late Delivery,9606,2024-08-07
1356,7280,Wrong Item,4860,2025-05-26
1357,4994,Damaged,4397,2025-03-21
1358,6004,Wrong Item,200,2025-02-09
1359,1973,Poor Quality,5438,2024-05-30
1360,6832,Poor Quality,4125,2024-06-25
1361,1044,Poor Quality,7813,2025-11-05
1362,2507,Damaged,6744,2025-04-15
1363,3601,Late Delivery,5120,2024-11-29
1364,6743,Wrong Item,6987,2026-01-28
1365,3348,Late Delivery,3180,2025-12-14
1366,8664,No Longer Needed,9859,2026-02-21
1367,4518,Late Delivery,2996,2024-09-30
1368,4287,Wrong Item,1267,2026-03-15
1369,7440,Poor Quality,4904,2025-05-01
1370,412,Wrong Item,7971,2025-04-13
1371,7641,Late Delivery,8440,2025-02-25
1372,1941,Poor Quality,6994,2026-04-12
1373,1353,Late Delivery,2429,2025-08-09
1374,7805,Not as Described,6653,2024-12-14
1375,96,Wrong Item,2562,2025-05-03
1376,9795,Damaged,1421,2025-04-15
1377,1793,Not as Described,8283,2024-09-01
1378,598,No Longer Needed,3331,2024-10-12
1379,3667,Damaged,6209,2026-05-06
1380,462,Late Delivery,6202,2025-06-30
1381,1357,Not as Described,4539,2024-08-27
1382,1764,Damaged,6218,2026-04-24
1383,2230,Poor Quality,8186,2025-10-26
1384,8260,Wrong Item,4473,2024-11-22
1385,5460,Late Delivery,6634,2025-03-22
1386,612,Late Delivery,1645,2025-12-28
1387,6560,No Longer Needed,5668,2024-10-12
1388,2719,No Longer Needed,2869,2026-05-15
1389,2904,Wrong Item,7182,2025-08-15
1390,473,Not as Described,4853,2025-12-05
1391,9971,No Longer Needed,4217,2025-02-07
1392,5850,Poor Quality,8935,2024-08-06
1393,2519,Wrong Item,5818,2026-01-14
1394,7575,Late Delivery,8636,2025-09-22
1395,5285,Wrong Item,1767,2024-11-29
1396,848,Damaged,1954,2025-05-24
1397,5416,Poor Quality,9191,2024-11-13
1398,948,No Longer Needed,1756,2024-07-09
1399,363,Wrong Item,9162,2026-01-14
1400,4747,Wrong Item,9395,2025-08-29
1401,5990,Damaged,7663,2026-03-01
1402,1945,Wrong Item,2856,2024-09-01
1403,9069,Wrong Item,8246,2024-10-26
1404,4838,Wrong Item,9304,2024-12-11
1405,5957,Late Delivery,9356,2025-02-16
1406,9120,Poor Quality,266,2024-06-28
1407,754,Damaged,7135,2024-10-31
1408,2918,Damaged,8983,2025-10-14
1409,1959,Late Delivery,9090,2025-01-31
1410,1964,Damaged,7354,2024-07-13
1411,420,No Longer Needed,9706,2024-07-05
1412,6825,Not as Described,3941,2024-09-27
1413,638,Damaged,640,2024-11-05
1414,8223,Wrong Item,8583,2025-12-02
1415,5201,Damaged,9328,2025-05-08
1416,526,Not as Described,1723,2024-11-30
1417,570,No Longer Needed,4740,2025-10-28
1418,5082,Late Delivery,9018,2025-02-16
1419,9605,Wrong Item,2744,2025-08-08
1420,423,Wrong Item,5023,2024-09-08
1421,9915,Poor Quality,2354,2024-09-16
1422,3277,Damaged,139,2026-04-03
1423,4051,Not as Described,3987,2026-02-11
1424,1941,Late Delivery,7611,2026-05-10
1425,6575,Poor Quality,8649,2025-01-09
1426,2290,Wrong Item,870,2025-01-16
1427,3702,Poor Quality,9122,2026-02-06
1428,7057,Wrong Item,4216,2026-02-23
1429,6561,No Longer Needed,3960,2025-09-23
1430,4180,Not as Described,5699,2025-09-26
1431,7625,No Longer Needed,2934,2024-10-15
1432,9408,Late Delivery,546,2025-07-24
1433,6130,Late Delivery,5559,2025-08-28
1434,5000,No Longer Needed,7850,2025-11-21
1435,914,Late Delivery,4053,2024-05-28
1436,7214,Not as Described,5502,2025-01-29
1437,5506,Not as Described,1497,2024-12-21
1438,7362,Damaged,6500,2026-02-04
1439,8719,Wrong Item,748,2025-05-05
1440,7371,Late Delivery,4501,2025-01-19
1441,9830,Wrong Item,2403,2026-01-29
1442,2885,No Longer Needed,3262,2026-01-21
1443,89,Poor Quality,6337,2025-09-13
1444,427,Not as Described,5303,2025-03-03
1445,8848,Wrong Item,3257,2025-05-14
1446,3443,Late Delivery,3932,2026-05-13
1447,3037,Damaged,4662,2025-01-01
1448,1251,Poor Quality,4008,2025-09-21
1449,2941,Wrong Item,6228,2024-12-04
1450,265,Not as Described,2895,2026-01-09
1451,8513,No Longer Needed,7443,2024-06-29
1452,857,Wrong Item,8019,2025-02-06
1453,1760,Late Delivery,1801,2025-08-07
1454,3251,Poor Quality,6721,2025-02-13
1455,7851,Not as Described,2411,2025-11-13
1456,3155,No Longer Needed,2650,2025-10-02
1457,7010,No Longer Needed,3644,2025-04-08
1458,186,Not as Described,3639,2026-02-03
1459,1739,Poor Quality,6701,2025-02-23
1460,7888,Late Delivery,8081,2025-01-26
1461,6793,Poor Quality,6389,2025-03-09
1462,2787,No Longer Needed,8181,2026-05-02
1463,9848,Poor Quality,5650,2025-07-29
1464,9343,Not as Described,3901,2025-05-29
1465,440,Poor Quality,1556,2025-07-27
1466,160,Not as Described,3654,2026-04-30
1467,3190,Damaged,4530,2025-06-03
1468,2673,Not as Described,1586,2026-05-14
1469,5204,No Longer Needed,5671,2024-09-02
1470,6011,Poor Quality,6536,2026-03-11
1471,7699,Poor Quality,4752,2025-05-24
1472,4156,Not as Described,8564,2025-02-24
1473,8280,Late Delivery,4975,2025-08-13
1474,7977,Damaged,5484,2024-05-29
1475,5830,Late Delivery,3168,2025-05-13
1476,2102,Poor Quality,7467,2024-09-01
1477,4102,Poor Quality,7567,2025-01-19
1478,3568,Poor Quality,7714,2024-11-17
1479,311,Late Delivery,3472,2026-05-08
1480,4260,Wrong Item,9926,2025-10-12
1481,7879,Late Delivery,4319,2025-05-10
1482,5283,No Longer Needed,330,2024-11-17
1483,8083,Wrong Item,5238,2025-11-01
1484,857,Damaged,5067,2024-06-19
1485,9689,Wrong Item,6680,2024-06-08
1486,1504,Poor Quality,7747,2025-05-05
1487,1257,No Longer Needed,6950,2025-01-23
1488,899,Late Delivery,8481,2025-04-12
1489,3062,No Longer Needed,2940,2026-03-05
1490,3763,Not as Described,3239,2026-04-01
1491,6652,Damaged,1950,2025-05-16
1492,164,Late Delivery,1956,2025-03-03
1493,8238,Not as Described,7037,2025-10-27
1494,3890,Wrong Item,925,2026-04-06
1495,1532,No Longer Needed,4169,2024-06-29
1496,1544,No Longer Needed,7636,2024-07-31
1497,4322,Wrong Item,4814,2024-05-20
1498,9475,Late Delivery,1647,2024-05-28
1499,5318,Wrong Item,6375,2025-08-30
1500,4163,Damaged,2330,2024-05-24
